{
    "p2": {
        "epochs": "200",
        "batch_size": "500",
        "gen_lr": "0.002",
        "disc_lr": "0.002",
        "embedding_dim": "128",
        "generator_dim": "256,256",
        "discriminator_dim": "256,256",
        "pac": "10",
        "data_to_generate": "2000",
        "verbose": "True",
        "minmax": "True"
    },
    "p5": {
        "epochs": "800",
        "batch_size": "500",
        "gen_lr": "0.002",
        "disc_lr": "0.002",
        "embedding_dim": "128",
        "generator_dim": "256,256",
        "discriminator_dim": "256,256",
        "pac": "10",
        "data_to_generate": "2000",
        "verbose": "True",
        "minmax": "True"
    },
    "p7": {
        "epochs": "200",
        "batch_size": "500",
        "gen_lr": "0.002",
        "disc_lr": "0.002",
        "embedding_dim": "128",
        "generator_dim": "256,256",
        "discriminator_dim": "256,256",
        "pac": "10",
        "data_to_generate": "2000",
        "verbose": "True",
        "minmax": "True"
    }
}